 Año ; Mes ; Día ; Hora ; Minuto ; Edad ; Temperatura ; Saturación  de  Oxígeno ; Frecuencia  Cardiaca ; PMEW 
2021;6;10;11;54;27;35;90;104;1.9508895162295579
2021;6;10;11;55;27;35;90;70;2.0654911771030475
2021;6;10;20;0;27;46;92;39.7;2.595496152377734
2021;6;10;20;3;27;46;92;39.7;3
2021;6;10;23;43;27;46;92;39.7;3
